"Modnames","K","AICc","Delta_AICc","ModelLik","AICcWt","LL","Cum.Wt","adj.r.squared"
"Model including Interactions",20,493.574677048886,0,1,1,-225.912338524443,1,0.439878076347736
"Temp. only",7,601.342722394998,107.768045346111,3.96703735848279e-24,3.96703735848279e-24,-293.557770933807,1,0.0755085730829999
"Age only",7,620.947826617384,127.373149568498,2.19417872554143e-28,2.19417872554143e-28,-303.360323045,1,0.147629210146036
"Precip. only",7,629.778940210427,136.204263161541,2.65228414182186e-30,2.65228414182186e-30,-307.775879841522,1,0.0983460391304577
