"Modnames","K","AICc","Delta_AICc","ModelLik","AICcWt","LL","Cum.Wt"
"Model including Interactions",11,656.268173141147,0,1,0.999999999975891,-316.898372284859,0.999999999975891
"Precip. only",7,705.165010881237,48.8968377400896,2.41094106066862e-11,2.41094106061049e-11,-345.483214660476,1
"Temp. only",7,741.512558339634,85.2443851984871,3.08614940830218e-19,3.08614940822777e-19,-363.656988389675,1
"Age only",7,743.373070333268,87.1048971921208,1.21734002474315e-19,1.21734002471381e-19,-364.587244386492,1
