"Modnames","K","AIC","Delta_AIC","ModelLik","AICWt","LL","Cum.Wt"
"AGB - Precip + SAC",7,6447.85264499978,0,1,0.999999999999985,-3216.92632249989,0.999999999999985
"AGB - Age + SAC",7,6511.46637173559,63.6137267358099,1.53622473214229e-14,1.53622473214226e-14,-3248.7331858678,1
"AGB - Temp + SAC",7,6526.54468738052,78.6920423807424,8.17033967194916e-18,8.17033967194904e-18,-3256.27234369026,1
"AGB - Precip",5,6803.08616067786,355.233515678081,7.27816969076886e-78,7.27816969076875e-78,-3396.54308033893,1
"AGB - Age",5,6868.42704995344,420.574404953659,4.71442085693468e-92,4.71442085693461e-92,-3429.21352497672,1
"AGB ~ Temp",5,6995.01731250477,547.164667504987,1.53003760540438e-119,1.53003760540436e-119,-3492.50865625238,1
