"Modnames","K","AICc","Delta_AICc","ModelLik","AICcWt","LL","Cum.Wt","adj.r.squared"
"AGB - Precip + SAC",7,573.367415585136,0,1,0.999988397298202,-279.570117528876,0.999988397298202,0.203031320947061
"AGB - Temp + SAC",7,596.096230981693,22.7288153965574,1.16011340896843e-05,1.16009994851849e-05,-290.934525227155,0.999999998297687,0.148023698547564
"AGB - Age + SAC",7,613.749948196516,40.3825326113797,1.70233277540927e-09,1.70231302374972e-09,-299.761383834566,1,0.10354312603312
"AGB - Precip",5,740.763697209754,167.396281624618,4.4705329444754e-37,4.47048107421476e-37,-365.321242544271,1,-0.262037315356802
"AGB - Age",5,813.467277722498,240.099862137362,7.29419524561006e-53,7.29411061323776e-53,-401.673032800643,1,-0.518881665359413
"AGB ~ Temp",5,818.907808912842,245.540393327707,4.80375718126716e-54,4.80370144470508e-54,-404.393298395815,1,-0.539642579161216
