"Modnames","K","AICc","Delta_AICc","ModelLik","AICcWt","LL","Cum.Wt"
"Null - w. nested Random",4,651.770134126085,0,1,0.735027814243934,-321.844744482397,0.735027814243934
"Null - w. nested Random + SAC",5,653.810701085963,2.04056695987811,0.360492733228909,0.264972185756066,-321.844744482376,1
"Null - w. Random + SAC",4,726.668219873973,74.8980857478873,5.44612151633923e-17,4.00305079426168e-17,-359.293787356341,1
"Null - w. Random",3,728.127068135457,76.3569340093715,2.62604674408903e-17,1.93021739841015e-17,-361.039389198513,1
"Null - w/o Random",3,846.79489103519,195.024756909105,4.47622717951352e-43,3.29015147981711e-43,-420.37330064838,1
