"Modnames","K","AIC","Delta_AIC","ModelLik","AICWt","LL","Cum.Wt"
"Null - w. nested Random",4,799.516994800552,0,1,0.646662456634325,-395.758497400276,0.646662456634325
"Null - w. nested Random + SAC",5,800.725796079464,1.20880127891178,0.546401820208778,0.353337543365675,-395.362898039732,1
"Null - w. Random",3,906.3608525752,106.843857774648,6.29725197966228e-24,4.07219643521377e-24,-450.1804262876,1
"Null - w. Random + SAC",4,906.406258771344,106.889263970792,6.15589553654748e-24,3.98078653044807e-24,-449.203129385672,1
"Null - w/o Random",3,1339.01328860552,539.496293804964,7.07731126549008e-118,4.5766314893076e-118,-666.506644302758,1
